Result 3: ,"Local partners effectively respond to Child Protection risks among new arrivals appropriate to their age, gender, and disability.",,,,July,,,,,,,,,,,,,,,,,,August,,,,,,,,,,,,,,,,,,September,,,,,,,,,,,,,,,,,,October,,,,,,,,,,,,,,,,,,November,,,,,,,,,,,,,,,,,,December 2024,,,,,,,,,,,,,,,,,,January 2025,,,,,,,,,,,,,,,,,,February 2025,,,,,,,,,,,,,,,,,,March 2025,,,,,,,,,,,,,,,,,,April 2025,,,,,,,,,,,,,,,,,,May 2025,,,,,,,,,,,,,,,,,,June 2025,,,,,,,,,,,,,,,,,,July 2025,,,,,,,,,,,,,,,,,,August 2025,,,,,,,,,,,,,,,,,,September 2025,,,,,,,,,,,,,,,,,,Total Reach,,,Variance,% Achieved,,
,,,,,Male,,,,,,,,,Female,,,,,,,,,Male,,,,,,,,,Female,,,,,,,,,Male,,,,,,,,,Female,,,,,,,,,Male,,,,,,,,,Female,,,,,,,,,Male,,,,,,,,,Female,,,,,,,,,Male,,,,,,,,,Female,,,,,,,,,Male,,,,,,,,,Female,,,,,,,,,Male,,,,,,,,,Female,,,,,,,,,Male,,,,,,,,,Female,,,,,,,,,Male,,,,,,,,,Female,,,,,,,,,Male,,,,,,,,,Female,,,,,,,,,Male,,,,,,,,,Female,,,,,,,,,Male,,,,,,,,,Female,,,,,,,,,Male,,,,,,,,,Female,,,,,,,,,Male,,,,,,,,,Female,,,,,,,,,,,,,,,
,,,,,Refugee,,,,Host,,,,Total,Refugee,,,,Host,,,,Total,Refugee,,,,Host,,,,Total,Refugee,,,,Host,,,,Total,Refugee,,,,Host,,,,Total,Refugee,,,,Host,,,,Total,Refugee,,,,Host,,,,Total,Refugee,,,,Host,,,,Total,Refugee,,,,Host,,,,Total,Refugee,,,,Host,,,,Total,Refugee,,,,Host,,,,Total,Refugee,,,,Host,,,,Total,Refugee,,,,Host,,,,Total,Refugee,,,,Host,,,,Total,Refugee,,,,Host,,,,Total,Refugee,,,,Host,,,,Total,Refugee,,,,Host,,,,Total,Refugee,,,,Host,,,,Total,Refugee,,,,Host,,,,Total,Refugee,,,,Host,,,,Total,Refugee,,,,Host,,,,Total,Refugee,,,,Host,,,,Total,Refugee,,,,Host,,,,Total,Refugee,,,,Host,,,,Total,Refugee,,,,Host,,,,Total,Refugee,,,,Host,,,,Total,Refugee,,,,Host,,,,Total,Refugee,,,,Host,,,,Total,Refugee,,,,Host,,,,Total,Refugee,,,,Host,,,,Total,,,,,,,
I.2.6.5,"Activity3.1: Support the identification, registration and assessment of Children at Risk (CAR) to access child protection services - case management, cash support and referrals - through the existing Child Protection structures",,,,0-4 yrs,5-17 yrs,18-49 yrs,50+ yrs,0-4 yrs,5-17 yrs,18-49 yrs,50+ yrs,,0-4 yrs,5-17 yrs,18-49 yrs,50+ yrs,0-4 yrs,5-17 yrs,18-49 yrs,50+ yrs,,0-4 yrs,5-17 yrs,18-49 yrs,50+ yrs,0-4 yrs,5-17 yrs,18-49 yrs,50+ yrs,,0-4 yrs,5-17 yrs,18-49 yrs,50+ yrs,0-4 yrs,5-17 yrs,18-49 yrs,50+ yrs,,0-4 yrs,5-17 yrs,18-49 yrs,50+ yrs,0-4 yrs,5-17 yrs,18-49 yrs,50+ yrs,,0-4 yrs,5-17 yrs,18-49 yrs,50+ yrs,0-4 yrs,5-17 yrs,18-49 yrs,50+ yrs,,0-4 yrs,5-17 yrs,18-49 yrs,50+ yrs,0-4 yrs,5-17 yrs,18-49 yrs,50+ yrs,,0-4 yrs,5-17 yrs,18-49 yrs,50+ yrs,0-4 yrs,5-17 yrs,18-49 yrs,50+ yrs,,0-4 yrs,5-17 yrs,18-49 yrs,50+ yrs,0-4 yrs,5-17 yrs,18-49 yrs,50+ yrs,,0-4 yrs,5-17 yrs,18-49 yrs,50+ yrs,0-4 yrs,5-17 yrs,18-49 yrs,50+ yrs,,0-4 yrs,5-17 yrs,18-49 yrs,50+ yrs,0-4 yrs,5-17 yrs,18-49 yrs,50+ yrs,,0-4 yrs,5-17 yrs,18-49 yrs,50+ yrs,0-4 yrs,5-17 yrs,18-49 yrs,50+ yrs,,0-4 yrs,5-17 yrs,18-49 yrs,50+ yrs,0-4 yrs,5-17 yrs,18-49 yrs,50+ yrs,,0-4 yrs,5-17 yrs,18-49 yrs,50+ yrs,0-4 yrs,5-17 yrs,18-49 yrs,50+ yrs,,0-4 yrs,5-17 yrs,18-49 yrs,50+ yrs,0-4 yrs,5-17 yrs,18-49 yrs,50+ yrs,,0-4 yrs,5-17 yrs,18-49 yrs,50+ yrs,0-4 yrs,5-17 yrs,18-49 yrs,50+ yrs,,0-4 yrs,5-17 yrs,18-49 yrs,50+ yrs,0-4 yrs,5-17 yrs,18-49 yrs,50+ yrs,,0-4 yrs,5-17 yrs,18-49 yrs,50+ yrs,0-4 yrs,5-17 yrs,18-49 yrs,50+ yrs,,0-4 yrs,5-17 yrs,18-49 yrs,50+ yrs,0-4 yrs,5-17 yrs,18-49 yrs,50+ yrs,,0-4 yrs,5-17 yrs,18-49 yrs,50+ yrs,0-4 yrs,5-17 yrs,18-49 yrs,50+ yrs,,0-4 yrs,5-17 yrs,18-49 yrs,50+ yrs,0-4 yrs,5-17 yrs,18-49 yrs,50+ yrs,,0-4 yrs,5-17 yrs,18-49 yrs,50+ yrs,0-4 yrs,5-17 yrs,18-49 yrs,50+ yrs,,0-4 yrs,5-17 yrs,18-49 yrs,50+ yrs,0-4 yrs,5-17 yrs,18-49 yrs,50+ yrs,,0-4 yrs,5-17 yrs,18-49 yrs,50+ yrs,0-4 yrs,5-17 yrs,18-49 yrs,50+ yrs,,0-4 yrs,5-17 yrs,18-49 yrs,50+ yrs,0-4 yrs,5-17 yrs,18-49 yrs,50+ yrs,,0-4 yrs,5-17 yrs,18-49 yrs,50+ yrs,0-4 yrs,5-17 yrs,18-49 yrs,50+ yrs,,0-4 yrs,5-17 yrs,18-49 yrs,50+ yrs,0-4 yrs,5-17 yrs,18-49 yrs,50+ yrs,,0-4 yrs,5-17 yrs,18-49 yrs,50+ yrs,0-4 yrs,5-17 yrs,18-49 yrs,50+ yrs,,0-4 yrs,5-17 yrs,18-49 yrs,50+ yrs,0-4 yrs,5-17 yrs,18-49 yrs,50+ yrs,,0-4 yrs,5-17 yrs,18-49 yrs,50+ yrs,0-4 yrs,5-17 yrs,18-49 yrs,50+ yrs,,Total Male,Total Female,Total,,,Closed cases,Active Case load
1,"Provide appropriate case management support through documentation and reporting of cases (Nakivale 1350, Nyakabande 2000)",Nakivale,Case Management(650),"  3,350 ",  - ,  - ,  - ,  - ,  - ,  - ,  - ,  - ,  - ,  - ,  - ,  - ,  - ,  - ,  - ,  - ,  - ,  - ,  - ,  1 ,  - ,  - ,  - ,  - ,  - ,  - ,  1 ,  - ,  - ,  - ,  - ,  - ,  3 ,  - ,  - ,  3 ,  - ,  - ,  - ,  - ,  - ,  - ,  - ,  - ,  - ,  - ,  4 ,  - ,  - ,  - ,  - ,  - ,  - ,  4 ,  - ,  3 ,  - ,  - ,  - ,  - ,  - ,  - ,  3 ,  - ,  9 ,  - ,  - ,  - ,  - ,  - ,  - ,  9 ,  - ,  10 ,  - ,  - ,  - ,  - ,  - ,  - ,  10 ,  - ,  11 ,  - ,  - ,  - ,  - ,  - ,  - ,  11 ,  - ,  18 ,  - ,  - ,  - ,  - ,  - ,  - ,  18 ,  - ,  17 ,  - ,  - ,  - ,  - ,  - ,  - ,  17 ,  - ,  8 ,  - ,  - ,  - ,  - ,  - ,  - ,  8 ,  - ,  10 ,  - ,  - ,  - ,  - ,  - ,  - ,  10 ,  - ,  44 ,  - ,  - ,  - ,  - ,  - ,  - ,  44 ,  - ,  26 ,  - ,  - ,  - ,  - ,  - ,  - ,  26 ,  - ,  - ,  - ,  - ,  - ,  - ,  - ,  - ,  - ,  - ,  3 ,  - ,  - ,  - ,  - ,  - ,  - ,  3 ,  - ,  4 ,  - ,  - ,  - ,  - ,  - ,  - ,  4 ,  - ,  2 ,  - ,  - ,  - ,  - ,  - ,  - ,  2 ,  - ,  2 ,  - ,  - ,  - ,  - ,  - ,  - ,  2 ,  - ,  2 ,  - ,  - ,  - ,  - ,  - ,  - ,  2 ,  - ,  8 ,  - ,  - ,  - ,  - ,  - ,  - ,  8 ,  - ,  19 ,  - ,  - ,  - ,  - ,  - ,  - ,  19 ,  - ,  2 ,,,,,  - ,  - ,  2 ,  - ,  2 ,,,,,,  - ,  2 ,  - ,  - ,,,,,  - ,  - ,  - ,  - ,  - ,,,,,,  - ,  - ,  - ,,,,,,  - ,  - ,  - ,  - ,,,,,,,  - ,  - ,  100 ,  108 ,  962 ,"  2,388 ",28.7%,23,  939 
,,,Referrals (600),,  - ,  - ,  - ,  - ,  - ,  - ,  - ,  - ,  - ,  - ,  - ,  - ,  - ,  - ,  - ,  - ,  - ,  - ,  - ,  2 ,  - ,  - ,  - ,  - ,  - ,  - ,  2 ,,  4 ,,,,,,,  4 ,,,,,,,,,  - ,,,,,,,,,  - ,,,,,,,,,  - ,,  2 ,,,,,,,  2 ,,  1 ,,,,,,,  1 ,,  1 ,,,,,,,  1 ,,  4 ,,,,,,,  4 ,,,,,,,,,  - ,,,,,,,,,  - ,,,,,,,,,  - ,,  69 ,,,,,,,  69 ,,  58 ,,,,,,,  58 ,,,,,,,,,  - ,,  3 ,,,,,,,  3 ,,  9 ,,,,,,,  9 ,,  5 ,,,,,,,  5 ,,  1 ,,,,,,,  1 ,,  2 ,,,,,,,  2 ,,  29 ,,,,,,,  29 ,,  23 ,,,,,,,  23 ,,  64 ,,,,,,,  64 ,,  51 ,,,,,,,  51 ,,  16 ,,,,,,,  16 ,,  38 ,,,,,,,  38 ,,,,,,,,,  - ,,,,,,,,,  - ,  195 ,  187 ,,,,,
,,,Case identification(100),,  - ,  - ,  - ,  - ,  - ,  - ,  - ,  - ,  - ,  - ,  - ,  - ,  - ,  - ,  - ,  - ,  - ,  - ,  - ,  - ,  - ,  - ,  - ,  - ,  - ,  - ,  - ,,,,,,,,,  - ,,,,,,,,,  - ,,,,,,,,,  - ,,,,,,,,,  - ,,,,,,,,,  - ,,,,,,,,,  - ,,,,,,,,,  - ,,,,,,,,,  - ,,,,,,,,,  - ,,,,,,,,,  - ,,,,,,,,,  - ,,,,,,,,,  - ,,,,,,,,,  - ,,,,,,,,,  - ,,,,,,,,,  - ,,,,,,,,,  - ,,,,,,,,,  - ,,,,,,,,,  - ,,,,,,,,,  - ,,,,,,,,,  - ,,,,,,,,,  - ,,,,,,,,,  - ,,,,,,,,,  - ,,  17 ,,,,,,,  17 ,,  17 ,,,,,,,  17 ,,  71 ,,,,,,,  71 ,,  78 ,,,,,,,  78 ,  17 ,  17 ,,,,,
,,Nyakabande,Case Management(200),,  - ,  - ,  - ,  - ,  - ,  - ,  - ,  - ,  - ,  - ,  - ,  - ,  - ,  - ,  - ,  - ,  - ,  - ,  - ,  - ,  - ,  - ,  - ,  - ,  - ,  - ,  - ,,,,,,,,,  - ,,,,,,,,,  - ,,,,,,,,,  - ,,,,,,,,,  - ,,,,,,,,,  - ,,,,,,,,,  - ,,,,,,,,,  - ,,,,,,,,,  - ,,,,,,,,,  - ,,,,,,,,,  - ,,,,,,,,,  - ,,  18 ,,,,,,,  18 ,,  8 ,,,,,,,  8 ,,  43 ,,,,,,,  43 ,,  11 ,,,,,,,  11 ,,  33 ,,,,,,,  33 ,,  17 ,,,,,,,  17 ,,  34 ,,,,,,,  34 ,,  17 ,,,,,,,  17 ,,  14 ,,,,,,,  14 ,,  9 ,,,,,,,  9 ,,  6 ,,,,,,,  6 ,,  2 ,,,,,,,  2 ,,  2 ,,,,,,,  2 ,,  2 ,,,,,,,  2 ,,  2 ,,,,,,,  2 ,,,,,,,,,  - ,  150 ,  66 ,,,,,
,,,Referrals (800),,  - ,  - ,  - ,  - ,  - ,  - ,  - ,  - ,  - ,  - ,  - ,  - ,  - ,  - ,  - ,  - ,  - ,  - ,  - ,  - ,  - ,  - ,  - ,  - ,  - ,  - ,  - ,,,,,,,,,  - ,,,,,,,,,  - ,,,,,,,,,  - ,,,,,,,,,  - ,,,,,,,,,  - ,,,,,,,,,  - ,,,,,,,,,  - ,,,,,,,,,  - ,,,,,,,,,  - ,,,,,,,,,  - ,,,,,,,,,  - ,,  10 ,,,,,,,  10 ,,  1 ,,,,,,,  1 ,,  6 ,,,,,,,  6 ,,  11 ,,,,,,,  11 ,,  29 ,,,,,,,  29 ,,  19 ,,,,,,,  19 ,,  17 ,,,,,,,  17 ,,  20 ,,,,,,,  20 ,,,,,,,,,  - ,,,,,,,,,  - ,,  8 ,,,,,,,  8 ,,  1 ,,,,,,,  1 ,,,,,,,,,  - ,,,,,,,,,  - ,,,,,,,,,  - ,,,,,,,,,  - ,  70 ,  52 ,,,,,
,,,Case identification(1000),,  - ,  - ,  - ,  - ,  - ,  - ,  - ,  - ,  - ,  - ,  - ,  - ,  - ,  - ,  - ,  - ,  - ,  - ,  - ,  - ,  - ,  - ,  - ,  - ,  - ,  - ,  - ,,,,,,,,,  - ,,,,,,,,,  - ,,,,,,,,,  - ,,,,,,,,,  - ,,,,,,,,,  - ,,,,,,,,,  - ,,,,,,,,,  - ,,,,,,,,,  - ,,,,,,,,,  - ,,,,,,,,,  - ,,,,,,,,,  - ,,,,,,,,,  - ,,,,,,,,,  - ,,,,,,,,,  - ,,,,,,,,,  - ,,,,,,,,,  - ,,,,,,,,,  - ,,,,,,,,,  - ,,,,,,,,,  - ,,,,,,,,,  - ,,,,,,,,,  - ,,,,,,,,,  - ,,,,,,,,,  - ,,,,,,,,,  - ,,,,,,,,,  - ,,,,,,,,,  - ,,,,,,,,,  - ,  - ,  - ,,,,,
,Enhance case reporting through promoting referral mechanisms and establishing child friendly reporting procedures.,,,  70 ,  - ,  - ,  - ,  - ,  - ,  - ,  - ,  - ,  - ,  - ,  - ,  - ,  - ,  - ,  - ,  - ,  - ,  - ,  - ,  - ,  - ,  - ,  - ,  - ,  - ,  - ,  - ,  - ,  - ,  - ,  - ,  - ,  - ,  - ,  - ,  - ,  - ,  - ,  - ,  - ,  - ,  - ,  - ,  - ,  - ,  - ,  - ,  - ,  - ,  - ,  - ,  - ,  - ,  - ,,,,,,,,,  - ,  - ,  - ,  - ,  - ,  - ,  - ,  - ,  - ,  - ,  - ,  - ,  - ,  - ,  - ,  - ,  - ,  - ,  - ,  - ,  - ,  - ,  - ,  - ,  - ,  - ,  - ,  - ,  - ,  - ,  - ,  - ,  - ,  - ,  - ,  - ,  - ,  - ,  - ,  - ,  - ,  - ,  - ,  - ,  - ,  - ,  - ,  - ,  - ,  - ,  - ,  - ,  - ,  - ,  - ,  - ,  - ,  - ,  - ,  - ,  - ,  - ,  - ,  - ,,  - ,,,,,,,  - ,,  - ,,,,,,,  - ,  - ,  - ,  - ,  - ,  - ,  - ,  - ,  - ,  - ,  - ,  - ,  - ,  - ,  - ,  - ,  - ,  - ,  - ,  - ,  - ,  - ,  - ,  - ,  - ,  - ,  - ,  - ,  - ,  - ,  - ,  - ,  - ,  - ,  - ,  - ,  - ,  - ,  - ,  - ,  - ,  - ,  - ,  - ,  - ,  - ,  - ,  - ,  - ,  - ,  - ,  - ,  - ,  - ,  - ,  - ,  - ,  - ,  - ,  - ,  - ,  - ,  - ,  - ,  - ,  - ,  - ,  - ,  - ,  - ,  - ,  - ,  - ,  - ,,,,,,  - ,  - ,  - ,  - ,,,,,,,  - ,  - ,  - ,,,,,,  - ,  - ,  - ,  - ,,,,,,,  - ,  - ,  - ,,,,,,  - ,  - ,  - ,  - ,,,,,,,  - ,  - ,  - ,  - ,  - ,  70 ,0.0%,,
,Trainings and conduct case conferencing for child protection cases and provide durable solutions.,,,  4 ,  - ,  - ,  - ,  - ,  - ,  - ,  - ,  - ,  - ,  - ,  - ,  - ,  - ,  - ,  - ,  - ,  - ,  - ,  - ,  - ,  - ,  - ,  - ,  - ,  - ,  - ,  - ,  - ,  - ,  - ,  - ,  - ,  - ,  - ,  - ,  - ,  - ,  - ,  - ,  - ,  - ,  - ,  - ,  - ,  - ,  - ,  - ,  - ,  - ,  - ,  - ,  - ,  - ,  - ,,,,,,,,,  - ,  - ,  - ,  - ,  - ,  - ,  - ,  - ,  - ,  - ,  - ,  - ,  - ,  - ,  - ,  - ,  - ,  - ,  - ,  - ,  - ,  - ,  - ,  - ,  - ,  - ,  - ,  - ,  - ,  - ,  - ,  - ,  - ,  - ,  - ,  - ,  - ,  - ,  - ,  - ,  - ,  - ,  - ,  - ,  - ,  - ,  - ,  - ,  - ,  - ,  - ,  - ,  - ,  - ,  - ,  - ,  - ,  - ,  - ,  - ,  - ,  - ,  - ,  - ,  - ,  - ,  - ,  - ,  - ,  - ,  - ,  - ,  - ,  - ,  - ,  - ,  - ,  - ,  - ,  - ,  - ,  - ,  - ,  - ,  - ,  - ,  - ,  - ,  - ,  - ,  - ,  - ,  - ,  - ,  - ,  - ,  - ,  - ,  - ,  - ,  - ,  - ,  - ,  - ,  - ,  - ,  - ,  - ,  - ,  - ,  1 ,  - ,  - ,  - ,  - ,  - ,  - ,  1 ,  - ,  - ,  - ,  - ,  - ,  - ,  - ,  - ,  - ,  - ,  - ,  - ,  - ,  - ,  - ,  - ,  - ,  - ,  - ,  - ,  - ,  - ,  - ,  - ,  - ,  - ,  - ,  - ,  1 ,  - ,  - ,  - ,  - ,  - ,  - ,  1 ,  - ,,,,,,  - ,  - ,  - ,  - ,,,,,,,  - ,  - ,  - ,,,,,,  - ,  - ,  - ,  - ,,,,,,,  - ,  - ,  - ,,,,,,  - ,  - ,  - ,  - ,,,,,,,  - ,  - ,  - ,  2 ,  2 ,  2 ,50.0%,,
,Training for staff on Best Interest Procedure (BIP) alternative care framework by MGLSD and Progress V4,,,  15 ,  - ,  - ,  - ,  - ,  - ,  - ,  - ,  - ,  - ,  - ,  - ,  - ,  - ,  - ,  - ,  - ,  - ,  - ,  - ,  - ,  - ,  - ,  - ,  - ,  - ,  - ,  - ,  - ,  - ,  - ,  - ,  - ,  - ,  - ,  - ,  - ,  - ,  - ,  - ,  - ,  - ,  - ,  - ,  - ,  - ,  - ,  - ,  - ,  - ,  - ,  - ,  - ,  - ,  - ,,,,,,,,,  - ,  - ,  - ,  - ,  - ,  - ,  - ,  - ,  - ,  - ,  - ,  - ,  - ,  - ,  - ,  - ,  - ,  - ,  - ,  - ,  - ,  - ,  - ,  - ,  - ,  - ,  - ,  - ,  - ,  - ,  - ,  - ,  - ,  - ,  - ,  - ,  - ,  - ,  - ,  - ,  - ,  - ,  - ,  - ,  - ,  - ,  - ,  - ,  - ,  - ,  - ,  - ,  - ,  - ,  - ,  - ,  - ,  - ,  - ,  - ,  - ,  - ,  - ,  - ,  - ,  - ,  - ,  - ,  - ,  - ,  - ,  - ,  - ,  - ,  - ,  - ,  - ,  - ,  - ,  - ,  - ,  - ,  - ,  - ,  - ,  - ,  - ,  - ,  - ,  - ,  - ,  - ,  - ,  - ,  - ,  - ,  - ,  - ,  - ,  - ,  - ,  - ,  - ,  - ,  - ,  - ,  - ,  - ,  - ,  - ,  - ,  - ,  - ,  - ,  - ,  - ,  - ,  - ,  - ,  - ,  - ,  - ,  - ,  - ,  - ,  - ,  - ,  - ,  - ,  - ,  - ,  - ,  - ,  - ,  - ,  - ,  - ,  - ,  - ,  - ,  - ,  - ,  - ,  - ,  - ,  - ,  - ,  - ,  - ,  - ,  - ,  - ,  - ,  - ,  - ,  - ,  - ,  - ,  - ,  - ,  - ,  - ,  - ,  - ,,,,,,,  - ,  - ,  - ,  - ,  - ,  - ,  - ,  - ,  - ,  - ,  - ,  - ,,,,,,,  - ,  - ,  - ,  - ,  - ,  - ,  - ,  - ,  - ,  - ,  - ,  - ,,,,,,,  - ,  - ,  - ,  - ,  - ,  15 ,0.0%,,
,Conduct child family tracing and reunification,,,  15 ,  - ,  - ,  - ,  - ,  - ,  - ,  - ,  - ,  - ,  - ,  - ,  - ,  - ,  - ,  - ,  - ,  - ,  - ,  - ,  - ,  - ,  - ,  - ,  - ,  - ,  - ,  - ,  - ,  - ,  - ,  - ,  - ,  - ,  - ,  - ,  - ,  - ,  - ,  - ,  - ,  - ,  - ,  - ,  - ,  - ,  - ,  - ,  - ,  - ,  - ,  - ,  - ,  - ,  - ,,,,,,,,,  - ,  - ,  - ,  - ,  - ,  - ,  - ,  - ,  - ,  - ,  - ,  - ,  - ,  - ,  - ,  - ,  - ,  - ,  - ,  - ,  - ,  - ,  - ,  - ,  - ,  - ,  - ,  - ,  - ,  - ,  - ,  - ,  - ,  - ,  - ,  - ,  - ,  - ,  - ,  - ,  - ,  - ,  - ,  - ,  - ,  - ,  - ,  - ,  - ,  - ,  - ,  - ,  - ,  - ,  - ,  - ,  - ,  - ,  - ,  - ,  - ,  - ,  - ,  - ,  - ,  2 ,  - ,  - ,  - ,  - ,  - ,  - ,  2 ,  - ,  2 ,  - ,  - ,  - ,  - ,  - ,  - ,  2 ,  - ,  - ,  - ,  - ,  - ,  - ,  - ,  - ,  - ,  - ,  - ,  - ,  - ,  - ,  - ,  - ,  - ,  - ,  - ,  - ,  - ,  - ,  - ,  - ,  - ,  - ,  - ,  - ,  - ,  - ,  - ,  - ,  - ,  - ,  - ,  - ,  - ,  - ,  - ,  - ,  - ,  - ,  - ,  - ,  - ,  - ,  - ,  - ,  - ,  - ,  - ,  - ,  - ,  - ,  - ,  - ,  - ,  - ,  - ,  - ,  - ,  - ,  - ,  - ,  - ,  - ,  - ,  - ,  - ,  - ,  - ,  - ,  - ,  - ,  - ,  - ,  - ,  - ,  - ,  - ,  - ,  - ,  - ,  - ,  - ,  - ,  - ,  - ,  - ,  - ,  - ,  - ,  - ,  - ,  - ,  - ,  - ,  - ,  - ,  - ,  - ,  - ,  - ,  - ,  - ,  - ,  - ,  - ,  - ,  - ,  - ,  - ,  - ,  - ,  - ,  - ,  - ,  - ,  - ,  - ,  - ,  - ,  - ,  - ,  - ,  - ,  2 ,  2 ,  4 ,  11 ,26.7%,,
I.2.6.6,"Activity3.2: Provide emergency support to Children at Risk (CAR) and their caregivers including Basic Food items, Core Relief Items (CRI) and Non-Food Items (NFIs) at the reception and transit centres.",,,,,,,,,,,,,,,,,,,,,,,,,,,,,,,,,,,,,,,,,,,,,,,,,,,,,,,,,,,,,,,,,,,,,,,,,,,,,,,,,,,,,,,,,,,,,,,,,,,,,,,,,,,,,,,,,,,,,,,,,,,,,,,,,,,,,,,,,,,,,,,,,,,,,,,,,,,,,,,,,,,,,,,,,,,,,,,,,,,,,,,,,,,,,,,,,,,,,,,,,,,,,,,,,,,,,,,,,,,,,,,,,,,,,,,,,,,,,,,,,,,,,,,,,,,,,,,,,,,,,,,,,,,,,,,,,,,,,,,,
I.2.6.6,"Case Management & referrals to service providers - Provide Individual Protection Assistance to children like blankets, sleeping mats, clothes.etc",,,"  1,200 ",  - ,  - ,  - ,  - ,  - ,  - ,  - ,  - ,  - ,  - ,  - ,  - ,  - ,  - ,  - ,  - ,  - ,  - ,  - ,  3 ,  - ,  - ,  - ,  - ,  - ,  - ,  3 ,  - ,  4 ,  - ,  - ,  - ,  3 ,  - ,  - ,  7 ,  - ,  - ,  - ,  - ,  - ,  - ,  - ,  - ,  - ,  - ,  4 ,  - ,  - ,  - ,  - ,  - ,  - ,  4 ,  - ,  3 ,  - ,  - ,  - ,  - ,  - ,  - ,  3 ,  - ,  11 ,  - ,  - ,  - ,  - ,  - ,  - ,  11 ,  - ,  11 ,  - ,  - ,  - ,  - ,  - ,  - ,  11 ,  - ,  12 ,  - ,  - ,  - ,  - ,  - ,  - ,  12 ,  - ,  22 ,  - ,  - ,  - ,  - ,  - ,  - ,  22 ,  - ,  17 ,  - ,  - ,  - ,  - ,  - ,  - ,  17 ,  - ,  8 ,  - ,  - ,  - ,  - ,  - ,  - ,  8 ,  - ,  10 ,  - ,  - ,  - ,  - ,  - ,  - ,  10 ,  - ,  113 ,  - ,  - ,  - ,  - ,  - ,  - ,  113 ,  - ,  84 ,  - ,  - ,  - ,  - ,  - ,  - ,  84 ,  - ,  - ,  - ,  - ,  - ,  - ,  - ,  - ,  - ,  - ,  6 ,  - ,  - ,  - ,  - ,  - ,  - ,  6 ,  - ,  13 ,  - ,  - ,  - ,  - ,  - ,  - ,  13 ,  - ,  7 ,  - ,  - ,  - ,  - ,  - ,  - ,  7 ,  10 ,  153 ,  - ,  - ,  - ,  - ,  - ,  - ,  163 ,  11 ,  133 ,  - ,  - ,  - ,  - ,  - ,  - ,  144 ,  - ,  37 ,  - ,  - ,  - ,  - ,  - ,  - ,  37 ,  - ,  42 ,  - ,  - ,  - ,  - ,  - ,  - ,  42 ,  - ,  66 ,  - ,  - ,  - ,  - ,  - ,  - ,  66 ,  - ,  53 ,  - ,  - ,  - ,  - ,  - ,  - ,  53 ,  - ,  16 ,  - ,  - ,  - ,  - ,  - ,  - ,  16 ,  - ,  38 ,  - ,  - ,  - ,  - ,  - ,  - ,  38 ,  - ,  - ,  - ,  - ,  - ,  - ,  - ,  - ,  - ,  - ,  - ,  - ,  - ,  - ,  - ,  - ,  - ,  - ,  455 ,  435 ,  890 ,  310 ,74.2%,,
I.2.6.7,"Activity3.3: Support community-level Child Protection with a nexus lens through training and mentorship of community-level actors and structures to effectively deliver safe, age-appropriate and sustainable child protection activities in refugee settlements and transit centres and through CP messaging.",,,,,,,,,,,,,,,,,,,,,,,,,,,,,,,,,,,,,,,,,,,,,,,,,,,,,,,,,,,,,,,,,,,,,,,,,,,,,,,,,,,,,,,,,,,,,,,,,,,,,,,,,,,,,,,,,,,,,,,,,,,,,,,,,,,,,,,,,,,,,,,,,,,,,,,,,,,,,,,,,,,,,,,,,,,,,,,,,,,,,,,,,,,,,,,,,,,,,,,,,,,,,,,,,,,,,,,,,,,,,,,,,,,,,,,,,,,,,,,,,,,,,,,,,,,,,,,,,,,,,,,,,,,,,,,,,,,,,,,,
I.2.6.7,"Capacity strengthening, training and mentorship of community structures on Inter-agency Standing Committee (IASC) guidelines for case management and child protection.",,,  100 ,  - ,  - ,  - ,  - ,  - ,  - ,  - ,  - ,  - ,  - ,  - ,  - ,  - ,  - ,  - ,  - ,  - ,  - ,  - ,  - ,  - ,  - ,  - ,  - ,,  - ,  - ,  - ,  - ,  - ,  - ,  - ,  - ,  - ,  - ,  - ,  - ,  - ,  23 ,  - ,  - ,  - ,  4 ,  - ,  27 ,  - ,  - ,  10 ,  - ,  - ,  - ,  7 ,  - ,  17 ,,,,,,,,,  - ,  - ,  - ,  - ,  - ,  - ,  - ,  - ,  - ,  - ,  - ,  - ,  - ,  - ,  - ,  - ,  - ,  - ,  - ,  - ,  - ,  - ,  - ,  - ,  - ,  - ,  - ,  - ,  - ,  - ,  - ,  - ,  - ,  - ,  - ,  - ,  - ,  - ,  - ,  - ,  - ,  - ,  - ,  - ,  - ,  - ,  - ,  - ,  - ,  - ,  - ,  - ,  - ,  - ,  - ,  - ,  - ,  - ,  - ,  - ,  - ,  - ,  - ,  - ,  - ,  - ,  54 ,  - ,  - ,  - ,  - ,  - ,  54 ,  - ,  - ,  52 ,  - ,  - ,  - ,  - ,  - ,  52 ,  - ,  - ,  - ,  - ,  - ,  - ,  - ,  - ,  - ,  - ,  - ,  - ,  - ,  - ,  - ,  - ,  - ,  - ,  - ,  - ,  - ,  - ,  - ,  - ,  - ,  - ,  - ,  - ,  - ,  - ,  - ,  - ,  - ,  - ,  - ,  - ,  - ,  - ,  - ,  - ,  - ,  - ,  - ,  - ,  - ,  - ,  - ,  - ,  - ,  - ,  - ,  - ,  - ,  - ,  - ,  - ,  - ,  - ,  - ,  - ,  - ,  - ,  - ,  - ,  - ,  - ,  - ,  - ,  - ,  - ,  - ,  - ,  - ,  - ,  - ,  - ,  - ,  - ,  - ,  - ,  - ,  - ,  - ,  - ,  - ,  - ,  - ,  - ,  - ,  - ,  - ,  - ,  - ,  - ,  - ,  - ,  - ,  - ,  - ,  - ,  - ,  - ,  - ,  - ,  - ,  - ,  - ,  - ,  - ,  - ,  - ,  - ,  - ,  - ,  - ,  - ,  - ,  - ,  - ,  - ,  - ,  - ,  - ,  - ,  - ,  - ,  81 ,  69 ,  150 ,- 50 ,150.0%,,
I.2.6.7,"Children with CP concerns Identified at community-level by Parasocial workers, shelter leaders, community leaders ",,,"  2,000 ",  - ,  - ,  - ,  - ,  - ,  - ,  - ,  - ,  - ,  - ,  - ,  - ,  - ,  - ,  - ,  - ,  - ,  - ,  - ,  - ,  - ,  - ,  - ,  - ,  - ,  - ,  - ,  - ,  - ,  - ,  - ,  - ,  - ,  - ,  - ,  - ,  - ,  - ,  - ,  - ,  - ,  - ,  - ,  - ,  - ,  - ,  - ,  - ,  - ,  - ,  - ,  - ,  - ,  - ,,,,,,,,,  - ,  - ,  - ,  - ,  - ,  - ,  - ,  - ,  - ,  - ,  - ,  - ,  - ,  - ,  - ,  - ,  - ,  - ,  - ,  - ,  - ,  - ,  - ,  - ,  - ,  - ,  - ,  - ,  - ,  - ,  - ,  - ,  - ,  - ,  - ,  - ,  - ,  - ,  - ,  - ,  - ,  - ,  - ,  - ,  - ,  - ,  - ,  - ,  - ,  - ,  - ,  - ,  - ,  - ,  - ,  - ,  - ,  - ,  - ,  - ,  - ,  - ,  - ,  - ,  - ,  - ,  - ,  - ,  - ,  - ,  - ,  - ,  - ,  - ,  - ,  - ,  - ,  - ,  - ,  - ,  - ,  - ,  - ,  - ,  - ,  - ,  - ,  - ,  - ,  - ,  - ,  - ,  - ,  - ,  - ,  - ,  - ,  - ,  - ,  - ,  - ,  - ,  - ,  - ,  - ,  - ,  - ,  - ,  - ,  - ,  - ,  - ,  - ,  - ,  - ,  - ,  - ,  - ,  - ,  - ,  - ,  - ,  - ,  - ,  - ,  - ,  - ,  - ,  - ,  - ,  - ,  - ,  - ,  - ,  - ,  - ,  - ,  - ,  - ,  - ,  - ,  - ,  - ,  - ,  - ,  - ,  - ,  - ,  - ,  - ,  - ,  - ,  - ,  - ,  - ,  - ,  - ,  - ,  - ,  - ,  - ,  - ,  - ,  - ,  - ,  - ,  - ,  - ,  - ,  - ,  - ,  - ,  - ,  17 ,  - ,  - ,  - ,  - ,  - ,  - ,  17 ,  - ,  17 ,  - ,  - ,  - ,  - ,  - ,  - ,  17 ,  - ,  71 ,  - ,  - ,  - ,  - ,  - ,  - ,  71 ,  - ,  78 ,  - ,  - ,  - ,  - ,  - ,  - ,  78 ,  17 ,  17 ,  34 ,"  1,966 ",1.7%,,
I.2.6.7,"Procure and distribute IEC materials, visibility materials. (Frequency) ",,,  3 ,  - ,  - ,  - ,  - ,  - ,  - ,  - ,  - ,  - ,  - ,  - ,  - ,  - ,  - ,  - ,  - ,  - ,  - ,  - ,  - ,  - ,  - ,  - ,  - ,  - ,  - ,  - ,  - ,  - ,  - ,  - ,  - ,  - ,  - ,  - ,  - ,  - ,  - ,  - ,  - ,  - ,  - ,  - ,  - ,  - ,  - ,  - ,  - ,  - ,  - ,  - ,  - ,  - ,  - ,,,,,,,,,  - ,  - ,  - ,,  - ,  - ,  - ,  - ,  - ,  - ,  - ,  - ,  - ,  - ,  - ,  - ,  - ,  - ,  - ,  - ,  - ,  - ,  - ,  - ,  - ,  - ,  - ,  - ,  - ,  - ,  - ,  - ,  - ,  - ,  - ,  - ,  - ,  - ,  - ,  - ,  - ,  - ,  - ,  - ,  - ,  - ,  - ,  - ,  - ,  - ,  - ,  - ,  - ,  - ,  - ,  - ,  - ,  - ,  - ,  - ,  - ,  - ,  - ,  - ,  - ,  - ,  - ,  - ,  - ,  - ,  - ,  - ,  - ,  - ,  - ,  - ,  - ,  - ,  - ,  - ,  - ,  - ,  - ,  - ,  - ,  - ,  - ,  - ,  - ,  - ,  - ,  - ,  - ,  - ,  - ,  - ,  - ,  - ,  - ,  - ,  - ,  - ,  - ,  - ,  - ,  - ,  - ,  - ,  - ,  - ,  - ,  - ,  - ,  - ,  - ,  - ,  - ,  - ,  - ,  - ,  - ,  - ,  - ,  - ,  - ,  - ,  - ,  - ,  - ,  - ,  - ,  - ,  - ,  - ,  - ,  - ,  - ,  - ,  - ,  - ,  - ,  - ,  - ,  - ,  - ,  - ,  3 ,  - ,  - ,  - ,  - ,  - ,  - ,  3 ,  - ,  - ,  - ,  - ,  - ,  - ,  - ,  - ,  - ,  - ,  - ,  - ,  - ,  - ,  - ,  - ,  - ,  - ,  - ,  - ,  - ,  - ,  - ,  - ,  - ,  - ,  - ,  - ,  - ,  - ,  - ,  - ,  - ,  - ,  - ,  - ,  - ,  - ,  - ,  - ,  - ,  - ,  - ,  - ,  - ,  - ,  - ,  - ,  - ,  - ,  - ,  - ,  - ,  - ,  - ,  3 ,  3 ,  - ,100.0%,,
,"Activity3.4: Enhance caregivers and family support initiatives using the Be There and Parenting without violence approaches, while linking caregivers with available livelihood, skilling and market-oriented opportunities.",,,,,,,,,,,,,,,,,,,,,,,,,,,,,,,,,,,,,,,,,,,,,,,,,,,,,,,,,,,,,,,,,,,,,,,,,,,,,,,,,,,,,,,,,,,,,,,,,,,,,,,,,,,,,,,,,,,,,,,,,,,,,,,,,,,,,,,,,,,,,,,,,,,,,,,,,,,,,,,,,,,,,,,,,,,,,,,,,,,,,,,,,,,,,,,,,,,,,,,,,,,,,,,,,,,,,,,,,,,,,,,,,,,,,,,,,,,,,,,,,,,,,,,,,,,,,,,,,,,,,,,,,,,,,,,,,,,,,,,,
I.2.6.8,"Sensitize parents, caregivers, and community members on  the prevention of abuse and neglect of children (Be there and parenting without violence)",,,"  1,350 ",  - ,  - ,  - ,  - ,  - ,  - ,  - ,  - ,  - ,  - ,  - ,  - ,  - ,  - ,  - ,  - ,  - ,  - ,  - ,  - ,  94 ,  - ,  - ,  - ,  19 ,  - ,  113 ,  - ,  - ,  63 ,  - ,  - ,  - ,  26 ,  - ,  89 ,  - ,  - ,  - ,  - ,  - ,  - ,  - ,  - ,  - ,  - ,  - ,  - ,  - ,  - ,  - ,  - ,  - ,  - ,,,  80 ,,,,,,  80 ,  - ,  - ,  167 ,  - ,  - ,  - ,  - ,  - ,  167 ,  - ,  - ,  258 ,  46 ,  - ,  - ,  - ,  - ,  304 ,  - ,  - ,  427 ,  30 ,  - ,  - ,  - ,  - ,  457 ,  - ,  - ,  - ,  - ,  - ,  - ,  - ,  - ,  - ,,,,,,,,,,  - ,  - ,  22 ,  - ,  - ,  - ,  - ,  - ,  22 ,  - ,  - ,  46 ,  - ,  - ,  - ,  - ,  - ,  46 ,  - ,  - ,  - ,  - ,  - ,  - ,  - ,  - ,  - ,  - ,  - ,  - ,  - ,  - ,  - ,  - ,  - ,  - ,  - ,  - ,  - ,  - ,  - ,  - ,  - ,  - ,  - ,  - ,  - ,  - ,  - ,  - ,  - ,  - ,  - ,  - ,  - ,  - ,  - ,  - ,  - ,  - ,  - ,  - ,  - ,  - ,  - ,  - ,  - ,  - ,  - ,  - ,  - ,  - ,  - ,  - ,  - ,  - ,  - ,  - ,  - ,  - ,  - ,  - ,  - ,  - ,  - ,  - ,  - ,  - ,  - ,  - ,  - ,  - ,  - ,  - ,  - ,  - ,  - ,  - ,  - ,  - ,  - ,  - ,  - ,  - ,  - ,  - ,  - ,  - ,  - ,  - ,  43 ,  - ,  - ,  - ,  - ,  - ,  43 ,  - ,  - ,  168 ,  - ,  - ,  - ,  - ,  - ,  168 ,  - ,  - ,  121 ,  - ,  - ,  - ,  - ,  - ,  121 ,,,  375 ,,,,,,  375 ,  - ,  - ,  15 ,  - ,  - ,  - ,  - ,  - ,  15 ,,,  126 ,,,,,,  126 ,  683 ,"  1,302 ","  1,985 ",- 635 ,147.0%,,
I.2.6.8,Provide material support to foster parents and care givers ,,,  50 ,  - ,  - ,  - ,  - ,  - ,  - ,  - ,  - ,  - ,  - ,  - ,  - ,  - ,  - ,  - ,  - ,  - ,  - ,  - ,  - ,  - ,  - ,  - ,  - ,  - ,  - ,  - ,  - ,  - ,  - ,  - ,  - ,  - ,  - ,  - ,  - ,  - ,  - ,  - ,  - ,  - ,  - ,  - ,  - ,  - ,  - ,  - ,  - ,  - ,  - ,  - ,  - ,  - ,  - ,,,,,,,,,  - ,  - ,  - ,,  - ,  - ,  - ,  - ,  - ,  - ,  - ,  - ,  - ,  - ,  - ,  - ,  - ,  - ,  - ,  - ,  - ,  - ,  - ,  - ,  - ,  - ,  - ,  - ,  - ,  - ,  - ,  - ,  - ,  - ,  - ,  - ,  - ,,,,,,,,,,  - ,  - ,,  - ,  - ,  - ,  - ,  - ,  - ,  - ,  - ,,  - ,  - ,  - ,  - ,  - ,  - ,,,,,,,,,  - ,,,,,,,,,  - ,  - ,  - ,  - ,  - ,  - ,  - ,  - ,  - ,  - ,  - ,  - ,  - ,  - ,  - ,  - ,  - ,  - ,  - ,  - ,  - ,  - ,  - ,  - ,  - ,  - ,  - ,  - ,  - ,  - ,  - ,  - ,  - ,  - ,  - ,  - ,  - ,  - ,  - ,  - ,  - ,  - ,  - ,  - ,  - ,  - ,  - ,  - ,  - ,  - ,  - ,  - ,  - ,  - ,  - ,  - ,  - ,  10 ,  - ,  - ,  - ,  - ,  - ,  10 ,  - ,  - ,  40 ,  - ,  - ,  - ,  - ,  - ,  40 ,  - ,,,,,,,  - ,  - ,  - ,  - ,  - ,  - ,  - ,  - ,  - ,  - ,  - ,  - ,,,,,,,  - ,  - ,,,,,,,,,  - ,  - ,,,,,,,  - ,  - ,,,,,,,,,  - ,  10 ,  40 ,  50 ,  - ,100.0%,,
I.2.6.7,Activtiy3.5: Engage children and their caregivers in both environmental conservation and climate education.,,,,  - ,  - ,  - ,  - ,  - ,  - ,  - ,  - ,  - ,  - ,  - ,  - ,  - ,  - ,  - ,  - ,  - ,  - ,  - ,  - ,  - ,  - ,  - ,  - ,  - ,  - ,  - ,  - ,  - ,  - ,  - ,  - ,  - ,  - ,  - ,  - ,  - ,  - ,  - ,  - ,  - ,  - ,  - ,  - ,  - ,  - ,  - ,  - ,  - ,  - ,  - ,  - ,  - ,  - ,,,,,,,,,  - ,  - ,  - ,,  - ,  - ,  - ,  - ,  - ,  - ,  - ,  - ,  - ,  - ,  - ,  - ,  - ,  - ,  - ,  - ,  - ,  - ,  - ,  - ,  - ,  - ,  - ,  - ,  - ,  - ,  - ,  - ,  - ,  - ,  - ,  - ,  - ,  - ,  - ,  - ,  - ,  - ,  - ,  - ,  - ,  - ,  - ,  - ,,  - ,  - ,  - ,  - ,  - ,  - ,  - ,  - ,,  - ,  - ,  - ,  - ,  - ,  - ,,,,,,,,,  - ,,,,,,,,,  - ,  - ,  - ,  - ,  - ,  - ,  - ,  - ,  - ,  - ,  - ,  - ,  - ,  - ,  - ,  - ,  - ,  - ,  - ,  - ,  - ,  - ,  - ,  - ,  - ,  - ,  - ,  - ,  - ,  - ,  - ,  - ,  - ,  - ,  - ,  - ,  - ,  - ,  - ,  - ,  - ,  - ,  - ,  - ,  - ,  - ,  - ,  - ,  - ,  - ,  - ,  - ,  - ,  - ,  - ,  - ,  - ,  - ,  - ,  - ,  - ,  - ,  - ,  - ,  - ,  - ,  - ,  - ,  - ,  - ,  - ,  - ,  - ,  - ,,,,,,,  - ,  - ,  - ,,,,,,,  - ,  - ,  - ,,,,,,,  - ,  - ,,,,,,,,,  - ,  - ,,,,,,,  - ,  - ,,,,,,,,,  - ,  - ,  - ,  - , N/A,,,
I.2.6.7,"Conduct Interactive Sessions with Children on Rights and Responsibility, adoption of environment friendly practices.",,,"  2,800 ",  - ,  - ,  - ,  - ,  - ,  - ,  - ,  - ,  - ,  - ,  - ,  - ,  - ,  - ,  - ,  - ,  - ,  - ,  - ,  - ,  - ,  - ,  - ,  - ,  - ,  - ,  - ,  - ,  - ,  - ,  - ,  - ,  - ,  - ,  - ,  - ,  - ,  - ,  - ,  - ,  - ,  - ,  - ,  - ,  - ,  - ,  - ,  - ,  - ,  - ,  - ,  - ,  - ,  - ,,  254 ,,,,,,,  254 ,  - ,  226 ,,  - ,  - ,  - ,  - ,  - ,  226 ,  - ,  - ,  - ,  - ,  - ,  - ,  - ,  - ,  - ,  - ,  - ,  - ,  - ,  - ,  - ,  - ,  - ,  - ,  - ,  - ,  - ,  - ,  - ,  - ,  - ,  - ,  - ,  - ,  - ,  - ,  - ,  - ,  - ,  - ,  - ,  - ,  - ,  - ,,  - ,  - ,  - ,  - ,  - ,  - ,  - ,  - ,,  - ,  - ,  - ,  - ,  - ,  - ,,,,,,,,,  - ,,  - ,,,,,,,  - ,  - ,  - ,  - ,  - ,  - ,  - ,  - ,  - ,  - ,  - ,  - ,  - ,  - ,  - ,  - ,  - ,  - ,  - ,  - ,  - ,  - ,  - ,  - ,  - ,  - ,  - ,  - ,  - ,  - ,  - ,  - ,  - ,  - ,  - ,  - ,  - ,  - ,  2 ,  14 ,  9 ,  - ,  - ,  - ,  - ,  25 ,  - ,  - ,  - ,  - ,  - ,  - ,  18 ,  2 ,  20 ,  - ,  33 ,  - ,  - ,  - ,  25 ,  - ,  - ,  58 ,  - ,  33 ,  - ,  - ,  - ,  21 ,  - ,  - ,  54 ,  - ,,,,,,,  - ,  - ,  - ,,,,,,,  - ,  - ,  - ,,,  136 ,,,,  - ,  136 ,,  206 ,,,,,,,  206 ,  - ,  454 ,,,,,,  - ,  454 ,,  233 ,,,,,,,  233 ,  473 ,  506 ,  979 ,"  1,821 ",35.0%,,
I.2.6.9,Acitivtiy3.6: Strengthen existing community-based Child Protection systems to effectively manage child protection cases and act for children at risk and in need of urgent support.,,,,  - ,  - ,  - ,  - ,  - ,  - ,  - ,  - ,  - ,  - ,  - ,  - ,  - ,  - ,  - ,  - ,  - ,  - ,  - ,  - ,  - ,  - ,  - ,  - ,  - ,  - ,  - ,  - ,  - ,  - ,  - ,  - ,  - ,  - ,  - ,  - ,  - ,  - ,  - ,  - ,  - ,  - ,  - ,  - ,  - ,,,,,,,,,,,,,,,,,,,,,,,,,,,,,,,,,,,,,,,,,,,,,,,,,,,,,,,,,,,,,,,,,,,,,,,,,,,,,,,,,,,,,,,,,,,,  - ,,,,,,,,  - ,  - ,  - ,  - ,  - ,  - ,  - ,  - ,  - ,  - ,  - ,  - ,  - ,  - ,  - ,  - ,  - ,  - ,  - ,  - ,  - ,  - ,  - ,  - ,  - ,  - ,  - ,  - ,  - ,  - ,  - ,  - ,  - ,  - ,  - ,  - ,  - ,  - ,  - ,  - ,  - ,  - ,  - ,  - ,  - ,  - ,  - ,  - ,  - ,  - ,  - ,  - ,  - ,  - ,  - ,  - ,  - ,  - ,  - ,  - ,  - ,  - ,  - ,  - ,  - ,  - ,  - ,  - ,  - ,  - ,  - ,  - ,  - ,,,,,,,  - ,  - ,  - ,,,,,,,  - ,  - ,  - ,,,,,,,  - ,  - ,,,,,,,,,  - ,  - ,,,,,,,  - ,  - ,,,,,,,,,  - ,  - ,  - ,  - , N/A,,,
I.2.6.9,Establish and / or maintain child friendly spaces,,,  2 ,  - ,  - ,  - ,  - ,  - ,  - ,  - ,  - ,  - ,  - ,  - ,  - ,  - ,  - ,  - ,  - ,  - ,  - ,  - ,  - ,  - ,  - ,  - ,  - ,  - ,  - ,  - ,  - ,  - ,  - ,  - ,  - ,  - ,  - ,  - ,  - ,  - ,  - ,  - ,  - ,  - ,  - ,  - ,  - ,  - ,,,,,,,,,,,,,,,,,,,,,,,,,,,,,,,,,,,,,,,,,,,,,,,,,,,,,,,,,,,,,,,,,,,,,,,,,,,,,,,,,,,,,,,,,,,,,,,,,,,,  - ,  - ,  - ,  - ,  - ,  - ,  - ,  - ,  - ,  - ,  - ,  - ,  - ,  - ,  - ,  - ,  - ,  - ,  - ,  - ,  - ,  - ,  - ,  - ,  - ,  - ,  - ,  - ,  - ,  - ,  - ,  - ,  - ,  - ,  - ,  - ,  - ,  - ,  - ,  - ,  - ,  - ,  - ,  - ,  - ,  - ,  - ,  - ,  - ,  - ,  - ,  - ,  - ,  - ,  - ,  - ,  - ,  - ,  - ,  - ,  - ,  - ,  - ,  - ,  1 ,  - ,  - ,  - ,  - ,  - ,  - ,  1 ,  - ,  - ,  - ,  - ,  - ,  - ,  - ,  - ,  - ,  - ,  - ,  - ,  - ,  - ,  - ,  - ,  - ,  - ,  - ,  - ,  - ,  - ,  - ,  - ,  - ,  - ,  - ,,,,,,,,,  - ,  - ,  - ,  - ,  - ,  - ,  - ,  - ,  - ,  - ,,,,,,,,,  - ,  - ,  1 ,  1 ,  1 ,50.0%,,
,Operationalize child friendly spaces and train and facilitate ECD caregivers and support peer-to-peer group activities at the CFS,,,  4 ,  - ,  - ,  - ,  - ,  - ,  - ,  - ,  - ,  - ,  - ,  - ,  - ,  - ,  - ,  - ,  - ,  - ,  - ,  - ,  - ,  - ,  - ,  - ,  - ,  - ,  - ,  - ,  - ,  - ,  - ,  - ,  - ,  - ,  - ,  - ,  - ,  - ,  - ,  - ,  - ,  - ,  - ,  - ,  - ,  - ,  - ,  - ,  - ,  - ,  - ,  - ,  - ,  - ,  - ,,,,,,,,,  - ,  - ,  - ,,  - ,  - ,  - ,  - ,  - ,  - ,  - ,  - ,  - ,  - ,  - ,  - ,  - ,  - ,  - ,  - ,  - ,  - ,  - ,  - ,  - ,  - ,  - ,  - ,  - ,  - ,  - ,  - ,  - ,  - ,  - ,  - ,  - ,  - ,  - ,  - ,  - ,  - ,  - ,  - ,  - ,  - ,  - ,  - ,,  - ,  - ,  - ,  - ,  - ,  - ,  - ,  - ,,  - ,  - ,  - ,  - ,  - ,  - ,,,,,,,,,  - ,,,,,,,,,  - ,  - ,  - ,  - ,  - ,  - ,  - ,  - ,  - ,  - ,  - ,  - ,  - ,  - ,  - ,  - ,  - ,  - ,  - ,  - ,  - ,  - ,  - ,  - ,  - ,  - ,  - ,  - ,  - ,  - ,  - ,  - ,  - ,  - ,  - ,  - ,  - ,  - ,  - ,  - ,  - ,  - ,  - ,  - ,  - ,  - ,  - ,  - ,  - ,  - ,  - ,  - ,  - ,  - ,  - ,  - ,  - ,  - ,  - ,  - ,  - ,  - ,  - ,  - ,  - ,  1 ,  - ,  - ,  - ,  - ,  - ,  - ,  1 ,  - ,  - ,  - ,  - ,  - ,  - ,  - ,  - ,  - ,  - ,  - ,  - ,  - ,  - ,  - ,  - ,  - ,  - ,  - ,  - ,  - ,  - ,  - ,  - ,  - ,  - ,  - ,,,,,,,,,  - ,  - ,  - ,  - ,  - ,  - ,  - ,  - ,  - ,  - ,,,,,,,,,  - ,  - ,  1 ,  1 ,  3 ,25.0%,,
,"Provide learning or training materials and stationaries including art books, charts, pencils, crayons, etc. (frequency) ",,,  2 ,  - ,  - ,  - ,  - ,  - ,  - ,  - ,  - ,  - ,  - ,  - ,  - ,  - ,  - ,  - ,  - ,  - ,  - ,  - ,  - ,  - ,  - ,  - ,  - ,  - ,  - ,  - ,  - ,  - ,  - ,  - ,  - ,  - ,  - ,  - ,  - ,  - ,  - ,  - ,  - ,  - ,  - ,  - ,  - ,  - ,  - ,  - ,  - ,  - ,  - ,  - ,  - ,  - ,  - ,,,,,,,,,  - ,  - ,  - ,,  - ,  - ,  - ,  - ,  - ,  - ,  - ,  - ,  - ,  - ,  - ,  - ,  - ,  - ,  - ,  - ,  - ,  - ,  - ,  - ,  - ,  - ,  - ,  - ,  - ,  - ,  - ,  - ,  - ,  - ,  - ,  - ,  - ,  - ,  - ,  - ,  - ,  - ,  - ,  - ,  - ,  - ,  - ,  - ,,  - ,  - ,  - ,  - ,  - ,  - ,  - ,  - ,,  - ,  - ,  - ,  - ,  - ,  - ,,,,,,,,,  - ,,,,,,,,,  - ,  - ,  - ,  - ,  - ,  - ,  - ,  - ,  - ,  - ,  - ,  - ,  - ,  - ,  - ,  - ,  - ,  - ,  - ,  - ,  - ,  - ,  - ,  - ,  - ,  - ,  - ,  - ,  - ,  - ,  - ,  - ,  - ,  - ,  - ,  - ,  - ,  - ,  - ,  - ,  - ,  - ,  - ,  - ,  - ,  - ,  - ,  - ,  - ,  - ,  - ,  - ,  - ,  - ,  - ,  - ,  - ,  - ,  - ,  - ,  - ,  - ,  - ,  - ,  - ,  - ,  - ,  - ,  - ,  - ,  - ,  - ,  - ,  - ,  - ,  - ,  - ,  - ,  - ,  - ,  - ,  - ,  - ,  - ,  - ,  - ,  - ,  - ,  - ,  - ,  - ,  - ,  - ,  - ,  - ,  - ,  - ,  - ,  - ,  - ,,,,,,,,,  - ,  - ,  - ,  - ,  - ,  - ,  - ,  - ,  - ,  - ,,,,,,,,,  - ,  - ,  - ,  - ,  2 ,0.0%,,
,"Government staff (including Probation and Welfare Officer, Sub County CDO
and OPM) members of CPCs at community-level trained on CP and supported to attend monthly meetings",,,  120 ,  - ,  - ,  - ,  - ,  - ,  - ,  - ,  - ,  - ,  - ,  - ,  - ,  - ,  - ,  - ,  - ,  - ,  - ,  - ,  - ,  - ,  - ,  - ,  - ,  - ,  - ,  - ,  - ,  - ,  - ,  - ,  - ,  - ,  - ,  - ,  - ,  - ,  - ,  - ,  - ,  - ,  - ,  - ,  - ,  - ,  - ,  - ,  - ,  - ,  - ,  - ,  - ,  - ,  - ,,,,,,,,,  - ,  - ,  - ,,  - ,  - ,  - ,  - ,  - ,  - ,  - ,  - ,  - ,  - ,  - ,  - ,  - ,  - ,  - ,  - ,  - ,  - ,  - ,  - ,  - ,  - ,  - ,  - ,  - ,  - ,  - ,  - ,  - ,  - ,  - ,  - ,  - ,  - ,  - ,  - ,  - ,  - ,  - ,  - ,  - ,  - ,  - ,  - ,,  - ,  - ,  - ,  - ,  - ,  - ,  - ,  - ,,  - ,  - ,  - ,  - ,  - ,  - ,,,,,,,,,  - ,,,,,,,,,  - ,  - ,  - ,  - ,  - ,  - ,  - ,  - ,  - ,  - ,  - ,  - ,  - ,  - ,  - ,  - ,  - ,  - ,  - ,  - ,  - ,  - ,  - ,  - ,  - ,  - ,  - ,  - ,  - ,  - ,  - ,  - ,  - ,  - ,  - ,  - ,  - ,  - ,  - ,  - ,  - ,  - ,  - ,  - ,  - ,  - ,  - ,  - ,  - ,  - ,  - ,  - ,  - ,  - ,  - ,  - ,  - ,  - ,  - ,  - ,  - ,  - ,  - ,  - ,  - ,  - ,  - ,  - ,  - ,  - ,  - ,  - ,  - ,  - ,  - ,  - ,  - ,  - ,  - ,  - ,  - ,  - ,  - ,  - ,  - ,  - ,  - ,  - ,  - ,  - ,  - ,  - ,  - ,  - ,  - ,  - ,  - ,  - ,  - ,  - ,,,,,,,,,  - ,  - ,  - ,  - ,  - ,  - ,  - ,  - ,  - ,  - ,,,,,,,,,  - ,  - ,  - ,  - ,  120 ,0.0%,,
,,,,,  - ,  - ,  - ,  - ,  - ,  - ,  - ,  - ,  - ,  - ,  - ,  - ,  - ,  - ,  - ,  - ,  - ,  - ,  - ,  6 ,  94 ,  - ,  - ,  - ,  19 ,  - ,  119 ,  - ,  8 ,  63 ,  - ,  - ,  6 ,  26 ,  - ,  103 ,  - ,  - ,  23 ,  - ,  - ,  - ,  4 ,  - ,  27 ,  - ,  8 ,  10 ,  - ,  - ,  - ,  7 ,  - ,  25 ,  - ,  260 ,  80 ,  - ,  - ,  - ,  - ,  - ,  340 ,  - ,  248 ,  167 ,  - ,  - ,  - ,  - ,  - ,  415 ,  - ,  22 ,  258 ,  46 ,  - ,  - ,  - ,  - ,  326 ,  - ,  24 ,  427 ,  30 ,  - ,  - ,  - ,  - ,  481 ,  - ,  44 ,  - ,  - ,  - ,  - ,  - ,  - ,  44 ,  - ,  34 ,  - ,  - ,  - ,  - ,  - ,  - ,  34 ,  - ,  16 ,  22 ,  - ,  - ,  - ,  - ,  - ,  38 ,  - ,  20 ,  46 ,  - ,  - ,  - ,  - ,  - ,  66 ,  - ,  256 ,  54 ,  - ,  - ,  - ,  - ,  - ,  310 ,  - ,  179 ,  52 ,  - ,  - ,  - ,  - ,  - ,  231 ,  - ,  49 ,  - ,  - ,  - ,  - ,  - ,  - ,  49 ,  - ,  34 ,  - ,  - ,  - ,  - ,  - ,  - ,  34 ,  - ,  88 ,  - ,  - ,  - ,  - ,  - ,  - ,  88 ,  - ,  51 ,  - ,  - ,  - ,  - ,  - ,  - ,  51 ,  10 ,  209 ,  14 ,  9 ,  - ,  - ,  - ,  - ,  242 ,  11 ,  174 ,  - ,  - ,  - ,  - ,  18 ,  2 ,  205 ,  - ,  121 ,  10 ,  - ,  - ,  25 ,  - ,  - ,  156 ,  - ,  132 ,  40 ,  - ,  - ,  21 ,  - ,  - ,  193 ,  - ,  146 ,  43 ,  - ,  - ,  - ,  - ,  - ,  189 ,  - ,  109 ,  168 ,  - ,  - ,  - ,  - ,  - ,  277 ,  - ,  68 ,  121 ,  136 ,  - ,  - ,  - ,  - ,  325 ,  - ,  318 ,  375 ,  - ,  - ,  - ,  - ,  - ,  693 ,  - ,  598 ,  15 ,  - ,  - ,  - ,  - ,  - ,  613 ,  - ,  389 ,  126 ,  - ,  - ,  - ,  - ,  - ,  515 ,,,,,,,